accuracy,precision,recall,f1_score
0.5149967343794484,0.8081342041149622,0.5149967343794484,0.4733856225974945
