model_prediction,rate
hate,0.7923400264598999
normal,0.15278080150051077
offensive,0.05487917203958937
